{"cameraMode":{"drawMode":0,"name":"Shaded","section":"Shading Mode"},"sceneLighting":true,"audioPlay":false,"sceneViewState":{"m_AlwaysRefresh":false,"showFog":true,"showSkybox":true,"showFlares":true,"showImageEffects":true,"showParticleSystems":true,"showVisualEffectGraphs":true,"m_FxEnabled":true},"in2DMode":false,"pivot":{"x":1.4531254768371583,"y":0.13550913333892823,"z":3.0789666175842287},"rotation":{"x":0.20716804265975953,"y":-0.6566606163978577,"z":0.19474802911281587,"w":0.6985413432121277},"size":7.6992950439453129,"orthographic":false}